"","province_2018","lower_dist","district_2013","district_2018","pop_2010","pop_2011","pop_2012","pop_2013","pop_2014","pop_2015","pop_2016","pop_2017","pop_2018","pop_2019","cbr_province","province_deaths","vacc_province","mcv1_2018","mcv1_2017","mcv1_2016","mcv1_2015","mcv1_2014","mcv1_2013","mcv1_cov_2018","mcv1_cov_2017","mcv1_cov_2016","mcv1_cov_2015","mcv1_cov_2014","mcv1_cov_2013","growth_rate","pop_2020","pop_2021","pop_2022","pop_2023","pop_2024","pop_2025","pop_2026","pop_2020.1","pop_2021.1","pop_2022.1","pop_2023.1","pop_2024.1","pop_2025.1","pop_2026.1","PCES2020","ZAMPHIA","sero_PCES2016","district_map","meanseroprev.pop.2016","lowerseroprev.pop.2016","upperseroprev.pop.2016","sia2016"
"1","Eastern","chadiza","Chadiza","Chadiza",109671,109671,112563,115492,118457,121456,124504,87737,89930,92167,43.5,14.4,"Eastern Province",4529,4190,3847,4012,3978,4453,0.99,0.99,0.99,0.99,0.99,0.99,1.0248749027021,94459.6451573446,96809.3196399086,99217.442046608,101685.466263869,104214.8823434,106807.217401803,109464.036542555,94459.6451573446,96809.3196399086,99217.442046608,101685.466263869,104214.8823434,106807.217401803,109464.036542555,79.53411,80.5,NA,"chadiza",0.820735900147867,0.80354661751906,0.83677591704059,0.971
"2","Muchinga","chama","Chama","Chama",109534,109534,114946,120420,125947,131514,137186,143041,149073,155281,45.8,13,"Muchinga Province",4833,4660,4769,4740,3840,3998,0.99,0.99,0.99,0.99,0.88,0.92,1.04164402675199,161747.526118076,168483.344422806,175499.669325215,182808.182249561,190421.051081645,198350.950427031,206611.082712898,161747.526118076,168483.344422806,175499.669325215,182808.182249561,190421.051081645,198350.950427031,206611.082712898,70.10676,86.1,NA,"chama",0.847299525373521,0.831411086209375,0.861654751109038,0.989
"3","North-Western","chavuma","Chavuma","Chavuma",35772,35772,36453,37117,37765,38396,39012,39620,40219,40807,42,10.2,"North Western Province",1135,1145,823,495,582,1219,0.99,0.99,0.99,0.99,0.99,0.99,1.01461995574231,41403.5965339765,42008.9152828757,42623.0837650938,43246.2313633403,43878.4893518941,44519.9909242582,45170.871221219,41403.5965339765,42008.9152828757,42623.0837650938,43246.2313633403,43878.4893518941,44519.9909242582,45170.871221219,67.46575,83.2,NA,"chavuma",0.880538442797331,0.860146183680819,0.898308075573321,0.856
"4","Luapula","chembe","Mansa","Chembe",7184.135,10263.05,14661.5,20945,17126,14210,29002,52717,53938,55176,44.6,15.4,"Luapula Province",1922,1092,789,617,791,888,0.99,0.99,0.94,0.74,0.94,0.99,1.02295227854203,56442.414920835,57737.8969496829,59063.113242903,60418.7462696135,61805.4941631539,63224.0710806144,64675.2075706178,56442.414920835,57737.8969496829,59063.113242903,60418.7462696135,61805.4941631539,63224.0710806144,64675.2075706178,77.04485,78.2,NA,"chembe",0.777509966083185,0.755822228890281,0.797026194453479,0.87
"5","Central","chibombo","Chibombo","Chibombo",314151,314151,322121,330206,338405,346706,355138,283498,290311,297234,41.2,11.9,"Central Province",14882,13480,12088,11598,10484,10934,0.99,0.99,0.99,0.99,0.99,0.99,1.02384684011284,304322.091674101,311579.21193706,319009.391586609,326616.757542271,334405.535137557,342380.050466832,350544.732788143,304322.091674101,311579.21193706,319009.391586609,326616.757542271,334405.535137557,342380.050466832,350544.732788143,54.80984,84.7,NA,"chibombo",0.845906695800654,0.830571278272643,0.859926389531924,0.929
"6","Luapula","chienge","Chienge","Chienge",117454,117454,121372,125351,129395,133501,137692,141989,146390,150892,44.6,15.4,"Luapula Province",2148,2051,2784,1376,1474,5351,0.99,0.99,0.99,0.77,0.83,0.99,1.03075346676686,155532.452107384,160315.614204436,165245.875118081,170327.758646884,175565.927711904,180965.188635185,186530.495549835,155532.452107384,160315.614204436,165245.875118081,170327.758646884,175565.927711904,180965.188635185,186530.495549835,77.04485,78.2,NA,"chiengi",0.867989664707452,0.85437346324507,0.880625123194146,0.87
"7","Southern","chikankata","Mazabuka","Chikankata",49225.645,70322.35,100460.5,143515,74076,75083,76060,69439,70279,71097,40.7,10.1,"Southern Province",2899,3628,3258,2945,2410,2759,0.5,0.63,0.57,0.51,0.42,0.48,1.01163932326869,71924.5209664338,72761.6737169075,73608.5703588693,74465.324304622,75332.050286511,76208.8643722886,77095.8839806572,71924.5209664338,72761.6737169075,73608.5703588693,74465.324304622,75332.050286511,76208.8643722886,77095.8839806572,64.11765,81,95.5,"chikankanta",0.881563974727491,0.870143313525253,0.892320535443965,0.968
"8","Lusaka","chilanga","Kafue","Chilanga",41832.966,59761.38,85373.4,121962,126206,126963,137780,202322,209343,216475,38.2,10.7,"Lusaka Province",6279,5971,5900,5299,4692,4250,0.99,0.99,0.99,0.99,0.96,0.87,1.0340684904678,223849.976474016,231476.207263738,239362.252224424,247516.962832682,255949.492121566,264669.304954147,273686.188647095,223849.976474016,231476.207263738,239362.252224424,247516.962832682,255949.492121566,264669.304954147,273686.188647095,62.9902,82.9,NA,"chilanga",0.869806039185711,0.859581223590862,0.879791032124884,0.961
"9","Copperbelt","chililabombwe","Chililabombwe","Chililabombwe",100395,100395,103699,107113,110640,114282,118041,121918,125914,130031,36.6,11.8,"Copperbelt Province",10353,10006,8707,9491,9599,8862,0.72,0.7,0.61,0.66,0.67,0.62,1.03269692012008,134282.613220134,138673.241098109,143207.428985087,147889.870851214,152725.414145006,157719.064811611,162875.992475171,134282.613220134,138673.241098109,143207.428985087,147889.870851214,152725.414145006,157719.064811611,162875.992475171,78.92235,82.7,NA,"chililabombwe",0.830045909367457,0.812355507970076,0.845582355200873,0.989
"10","Northern","chilubi","Chilubi","Chilubi",83461,83461,85175,86864,88526,90158,91780,93413,95054,96703,44,12.2,"Northern Province",4911,4162,4103,3742,3412,4225,0.99,0.99,0.99,0.99,0.99,0.99,1.01734803374924,98380.6069076525,100087.316996557,101823.635149684,103590.075008731,105387.159126068,107215.419119323,109075.395828644,98380.6069076525,100087.316996557,101823.635149684,103590.075008731,105387.159126068,107215.419119323,109075.395828644,62.7907,87,NA,"chilubi",0.848115062807304,0.833634747117507,0.862291773969185,0.964
"11","Copperbelt","chingola","Chingola","Chingola",235519,235519,241407,247446,253637,259981,266478,273125,279920,286864,36.6,11.8,"Copperbelt Province",8348,8280,8188,8765,8811,8700,0.84,0.84,0.83,0.89,0.89,0.88,1.02480708773935,293980.260417262,301273.054531071,308746.761628327,316405.869633282,324254.977802521,332298.799486791,340542.164961342,293980.260417262,301273.054531071,308746.761628327,316405.869633282,324254.977802521,332298.799486791,340542.164961342,78.92235,82.7,NA,"chingola",0.856346952819749,0.842424456653755,0.869212327303682,0.989
"12","Muchinga","chinsali","Chinsali","Chinsali",152279,152279,156597,160754,164737,168527,172217,108652,110912,113153,45.8,13,"Muchinga Province",4778,4512,3460,4130,4218,4217,0.99,0.99,0.99,0.99,0.99,0.99,1.02020520773226,115439.279870528,117771.754500774,120151.357265455,122579.040398316,125055.775373184,127582.553292718,130160.385285009,115439.279870528,117771.754500774,120151.357265455,122579.040398316,125055.775373184,127582.553292718,130160.385285009,70.10676,86.1,NA,"chinsali",0.861022247749361,0.849425703264145,0.872273085587283,0.989
"13","Eastern","chipata","Chipata","Chipata",464720,464720,475511,486390,497343,508361,519511,276260,282286,288408,43.5,14.4,"Eastern Province",9357,10661,9366,9029,8498,8991,0.99,0.99,0.99,0.99,0.99,0.99,1.02168722501293,294662.769191529,301053.186969919,307582.195176595,314252.799453361,321068.070626049,328031.146118184,335145.231395298,294662.769191529,301053.186969919,307582.195176595,314252.799453361,321068.070626049,328031.146118184,335145.231395298,79.53411,80.5,NA,"chipata",0.789189228268625,0.767875993099083,0.808043891228188,0.971
"14","Luapula","chipili","Mwense","Chipili",25540.466,36486.38,52123.4,74462,86024,52120,74973,35081,35500,35916,44.6,15.4,"Luapula Province",3620,3707,5761,3385,4509,1790,0.99,0.99,0.99,0.99,0.99,0.6,1.01171830985915,36336.8748169014,36762.6815753192,37193.4780692722,37629.3227700276,38070.274834037,38516.3941109654,38967.741151815,36336.8748169014,36762.6815753192,37193.4780692722,37629.3227700276,38070.274834037,38516.3941109654,38967.741151815,77.04485,78.2,NA,"chipili",0.820222591585644,0.802043960568098,0.837097912234492,0.87
"15","Lusaka","chirundu","Siavonga","Chirundu",12921.496,18459.28,26370.4,37672,39785,41896,44011,57432,59906,62459,38.2,10.7,"Lusaka Province",2145,2135,1786,1806,1708,1524,0.99,0.99,0.99,0.99,0.99,0.99,1.04261676626715,65120.80060428,67896.0385427625,70789.5481478049,73806.3697753772,76951.7585851214,80231.1936945899,83650.3877236068,65120.80060428,67896.0385427625,70789.5481478049,73806.3697753772,76951.7585851214,80231.1936945899,83650.3877236068,62.9902,82.9,NA,"chirundu",0.87076208372863,0.857422225091671,0.883211690859676,0.961
"16","Central","chisamba","Chibombo","Chisamba",33365.325,47664.75,68092.5,97275,99514,104353,106890,80228,82156,84115,41.2,11.9,"Central Province",4327,4342,4060,3605,3666,3531,0.99,0.99,0.99,0.93,0.94,0.91,1.0238448804713,86120.7121208433,88174.2502074679,90276.7546643113,92429.3930886186,94633.3609188514,96889.8820985586,99200.2097560769,86120.7121208433,88174.2502074679,90276.7546643113,92429.3930886186,94633.3609188514,96889.8820985586,99200.2097560769,54.80984,84.7,NA,"chisamba",0.845906695800654,0.830571278272643,0.859926389531924,0.929
"17","Central","chitambo","Serenje","Chitambo",34667.353,49524.79,70749.7,101071,108928,111380,113832,91867,94067,96304,41.2,11.9,"Central Province",3030,3477,3704,3147,2720,3023,0.75,0.86,0.92,0.78,0.67,0.75,1.02378092210871,98594.1979227572,100938.858863929,103339.278004314,105796.781325305,108312.726341354,110888.50284986,113525.533698884,98594.1979227572,100938.858863929,103339.278004314,105796.781325305,108312.726341354,110888.50284986,113525.533698884,54.80984,84.7,NA,"chitambo",0.883388848065788,0.8717535090329,0.894698271161833,0.929
"18","Southern","choma","Choma","Choma",254484,254484,260128,265736,271280,276733,28212,243032,247571,252086,40.7,10.1,"Southern Province",9915,10853,10215,9656,9760,8405,0.99,0.99,0.99,0.99,0.99,0.99,1.01823719256294,256683.340924422,261364.52444056,266131.079601904,270984.563347587,275926.561010942,280958.686837329,286082.584511412,256683.340924422,261364.52444056,266131.079601904,270984.563347587,275926.561010942,280958.686837329,286082.584511412,64.11765,81,95.5,"choma",0.809327653400026,0.79134624721807,0.825635008197169,0.968
"19","Lusaka","chongwe","Chongwe","Chongwe",205649,205649,211714,217869,224101,230397,236749,191006,196046,201095,38.2,10.7,"Lusaka Province",7503,7738,6968,7298,6432,5462,0.99,0.99,0.99,0.99,0.99,0.89,1.02575415973802,206274.032752517,211586.447141831,217035.678299922,222625.249827708,228358.776073488,234239.964470063,240272.617932053,206274.032752517,211586.447141831,217035.678299922,222625.249827708,228358.776073488,234239.964470063,240272.617932053,62.9902,82.9,NA,"chongwe",0.862738387028941,0.850685467727147,0.873686939686355,0.961
"20","Southern","gwembe","Gwembe","Gwembe",39648.399,56640.57,80915.1,115593,121022,126605,132367,72973,76234,79607,40.7,10.1,"Southern Province",2503,2180,2126,1926,2131,1870,0.54,0.47,0.46,0.42,0.46,0.4,1.0442453498439,83129.2395650235,86807.3218518355,90648.1421761821,94658.900939467,98847.117127373,103220.642405735,107787.675840089,83129.2395650235,86807.3218518355,90648.1421761821,94658.900939467,98847.117127373,103220.642405735,107787.675840089,64.11765,81,95.5,"gwembe",0.863193658004559,0.84859188323399,0.876751604386872,0.968
"21","North-Western","ikelenge","Mwinilunga","Ikelenge",7856.072,11222.96,16032.8,22904,31623,21705,36315,41400,43051,44798,42,10.2,"North Western Province",1770,1754,1426,1170,1272,1349,0.99,0.99,0.99,0.99,0.99,0.99,1.04057977747323,46615.8928712457,48507.5554306768,50475.981235824,52524.2853221166,54655.7091324285,56873.625646664,59181.5447195014,46615.8928712457,48507.5554306768,50475.981235824,52524.2853221166,54655.7091324285,56873.625646664,59181.5447195014,67.46575,83.2,NA,"ikelenge",0.856691274938313,0.840794063423431,0.871887234594175,0.856
"22","Muchinga","isoka","Isoka","Isoka",145746,145746,153090,160547,168109,175759,183586,99237,103582,108075,45.8,13,"Muchinga Province",3797,3475,3502,3343,3309,3357,0.99,0.99,0.99,0.99,0.99,0.99,1.04337626228495,112762.889546446,117654.122219422,122757.518283718,128082.280594242,133638.011191353,139434.728616029,145482.885976109,112762.889546446,117654.122219422,122757.518283718,128082.280594242,133638.011191353,139434.728616029,145482.885976109,70.10676,86.1,NA,"isoka",0.837143283219481,0.82375548421739,0.850031131721823,0.989
"23","Central","itezhi-tezhi","Itezhi-Tezhi","Itezhi-Tezhi",71821,71821,75460,79234,83142,87176,91352,95688,100189,104856,41.2,11.9,"Central Province",3921,4032,3336,3531,3159,3611,0.99,0.99,0.99,0.99,1,0.99,1.04658196009542,109740.398007765,114852.320848619,120202.367075255,125801.62894173,131661.715401032,137794.776173937,144213.526939029,109740.398007765,114852.320848619,120202.367075255,125801.62894173,131661.715401032,137794.776173937,144213.526939029,54.80984,84.7,NA,"itezhi-tezhi",0.791024957162364,0.769656555459486,0.809737553605158,0.929
"24","North-Western","kabompo","Kabompo","Kabompo",94937,94937,97735,100539,103345,106148,108958,52691,54036,55390,42,10.2,"North Western Province",2924,2081,2358,2454,2053,2110,0.99,0.99,0.99,0.99,0.99,0.99,1.0250573691613,56777.9276778444,58200.6331718817,59658.987922691,61153.8852068594,62686.2406841354,64256.9929582919,65867.1041520428,56777.9276778444,58200.6331718817,59658.987922691,61153.8852068594,62686.2406841354,64256.9929582919,65867.1041520428,67.46575,83.2,NA,"kabompo",0.835004431548418,0.819374883938187,0.849916274229503,0.856
"25","Central","kabwe","Kabwe","Kabwe",208049,208049,211325,214590,217843,221077,224307,227551,230802,234055,41.2,11.9,"Central Province",7576,7660,7362,8170,7994,7331,0.87,0.88,0.85,0.94,0.92,0.84,1.0140943319382,237353.848861795,240699.192794462,244091.687114963,247531.996376517,251020.794498772,254558.764899828,258146.600630104,237353.848861795,240699.192794462,244091.687114963,247531.996376517,251020.794498772,254558.764899828,258146.600630104,54.80984,84.7,NA,"kabwe",0.889781909247832,0.878439457445273,0.900128640936123,0.929
"26","Lusaka","kafue","Kafue","Kafue",244628,244628,253863,263345,273061,282998,293149,101175,104685,108251,38.2,10.7,"Lusaka Province",5034,5292,5366,4895,4343,4281,0.48,0.51,0.51,0.47,0.42,0.41,1.03406409705306,111938.472570091,115751.555563691,119694.527786455,123771.813797694,127987.988875332,132347.784150008,136856.091914052,111938.472570091,115751.555563691,119694.527786455,123771.813797694,127987.988875332,132347.784150008,136856.091914052,62.9902,82.9,NA,"kafue",0.869806039185711,0.859581223590862,0.879791032124884,0.961
"27","Western","kalabo","Kalabo","Kalabo",131758,131758,133373,134958,136515,138043,139564,88569,89547,90540,38.7,13.8,"Western Province",4705,4630,4210,4538,3629,3419,0.99,0.99,0.99,0.99,0.99,0.99,1.0110891487152,91544.0115246742,92559.1566824573,93585.5589358625,94623.3431164974,95672.6354402456,96733.5635226176,97806.2563942711,91544.0115246742,92559.1566824573,93585.5589358625,94623.3431164974,95672.6354402456,96733.5635226176,97806.2563942711,65.87838,83.4,NA,"kalabo",0.824454761676729,0.806669005317732,0.841343089089915,0.953
"28","Southern","kalomo","Kalomo","Kalomo",269848,269848,282255,295043,308194,321677,335539,230132,239839,249843,40.7,10.1,"Southern Province",15110,12563,11328,8098,8453,10095,0.99,0.99,0.99,0.94,0.98,0.99,1.04171131467359,260264.279991995,271120.245273037,282429.027138002,294209.513161913,306481.378745374,319265.119975819,332582.087859433,260264.279991995,271120.245273037,282429.027138002,294209.513161913,306481.378745374,319265.119975819,332582.087859433,64.11765,81,95.5,"kalomo",0.815317616751687,0.799217911633724,0.830220920808904,0.968
"29","Copperbelt","kalulushi","Kalulushi","Kalulushi",109524,109524,112829,116236,119745,123359,127080,130907,134840,138882,36.6,11.8,"Copperbelt Province",3675,3737,3380,3910,3862,3553,0.99,0.99,0.99,0.99,0.99,0.99,1.02997626816968,143045.164075942,147333.124274659,151749.621518193,156298.50886747,160983.754883803,165809.447091162,170779.795542234,143045.164075942,147333.124274659,151749.621518193,156298.50886747,160983.754883803,165809.447091162,170779.795542234,78.92235,82.7,NA,"kalulushi",0.836872279630695,0.817456900965628,0.853361422174422,0.989
"30","North-Western","kalumbila","Solwezi","Kalumbila",33071.717,47245.31,67493.3,96419,151414,105646,155903,76361,78024,79685,42,10.2,"North Western Province",6775,7540,7971,7297,5999,4893,0.99,0.99,0.99,0.99,0.99,0.99,1.02128832154209,81381.3599020814,83113.8324592094,84883.1864491965,86690.2070158441,88535.6960173477,90420.4723821177,92345.3724721759,81381.3599020814,83113.8324592094,84883.1864491965,86690.2070158441,88535.6960173477,90420.4723821177,92345.3724721759,67.46575,83.2,NA,"kalumbila",0.867507007658138,0.855178392427521,0.878983472836393,0.856
"31","Muchinga","kanchibiya","Mpika","Kanchibiya",36047.585,51496.55,73566.5,105095,109952,114843,90940,85542,89173,92912,45.8,13,"Muchinga Province",2957,2414,2222,2302,2115,2530,0.7,0.57,0.53,0.55,0.5,0.6,1.0419297320938,96807.7752682987,100866.899349895,105096.221416768,109502.877824843,114094.304155538,118878.247762208,123862.780842657,96807.7752682987,100866.899349895,105096.221416768,109502.877824843,114094.304155538,118878.247762208,123862.780842657,70.10676,86.1,NA,"kanchibiya",0.880541106889653,0.870852151117928,0.890023034832707,0.989
"32","Western","kaoma","Kaoma","Kaoma",194016,194016,197125,200210,203274,206316,209369,102511,104030,105579,38.7,13.8,"Western Province",3897,3825,3329,3359,3162,3749,0.99,0.99,0.99,0.99,0.99,0.99,1.0148899355955,107151.064510237,108746.536959784,110365.765891349,112009.10503742,113676.913397536,115369.555316721,117087.400565069,107151.064510237,108746.536959784,110365.765891349,112009.10503742,113676.913397536,115369.555316721,117087.400565069,65.87838,83.4,NA,"kaoma",0.870984651490704,0.855695419160481,0.884739491659844,0.953
"33","Central","kapiri-mposhi","Kapiri Mposhi","Kapiri-Mposhi",263361,263361,271039,278869,286848,294971,303263,253525,260578,267783,41.2,11.9,"Central Province",8426,10804,11335,10975,9783,10700,0.87,0.99,0.99,0.99,0.99,0.99,1.02765007022849,275187.218755996,282796.164680583,290615.498494349,298651.037437206,306908.759596157,315394.80835273,324115.496953385,275187.218755996,282796.164680583,290615.498494349,298651.037437206,306908.759596157,315394.80835273,324115.496953385,54.80984,84.7,NA,"kapiri mposhi",0.88574942746335,0.874419065199988,0.896218121905192,0.929
"34","Northern","kaputa","Kaputa","Kaputa",123914,123914,128121,132384,136695,141053,145489,91282,94117,97019,44,12.2,"Northern Province",3156,2894,2843,2948,2583,1906,0.84,0.79,0.99,0.99,0.99,0.99,1.03083396198349,100010.480157676,103094.199500808,106273.002128934,109549.819836449,112927.674816584,116409.682448763,119999.054171898,100010.480157676,103094.199500808,106273.002128934,109549.819836449,112927.674816584,116409.682448763,119999.054171898,62.7907,87,NA,"kaputa",0.87493938084372,0.863574092530646,0.885449201754779,0.964
"35","Northern","kasama","Kasama","Kasama",240174,240174,248069,256048,264108,272238,280500,288958,297610,306462,44,12.2,"Northern Province",12623,11704,10576,9609,8706,11472,0.99,0.99,0.99,0.99,0.99,0.99,1.02974362420618,315577.290561473,324963.702899937,334629.30115964,344582.389341708,354831.518438353,365385.493779291,376253.38259665,315577.290561473,324963.702899937,334629.30115964,344582.389341708,354831.518438353,365385.493779291,376253.38259665,62.7907,87,NA,"kasama",0.877165910000815,0.865679015371182,0.887182032730676,0.964
"36","North-Western","kasempa","Kasempa","Kasempa",71758,71758,74127,76514,78919,81334,83774,86245,88748,91282,42,10.2,"North Western Province",3062,2924,3010,2239,2904,2858,0.99,0.99,0.99,0.99,0.99,0.99,1.02855275611845,93888.3526840041,96569.1239205533,99326.438564429,102162.482140873,105079.502577897,108079.811988051,111165.788501074,93888.3526840041,96569.1239205533,99326.438564429,102162.482140873,105079.502577897,108079.811988051,111165.788501074,67.46575,83.2,NA,"kasempa",0.851211746722861,0.835588326862295,0.865893063277052,0.856
"37","Eastern","katete","Katete","Katete",249310,249310,256090,262966,269935,276991,284172,144880,148622,152441,43.5,14.4,"Eastern Province",8023,7683,13153,7163,7626,7246,0.99,0.99,0.99,0.95,0.99,0.97,1.02569606114842,156358.133257526,160375.921410763,164496.950894068,168723.87460297,173059.413601966,177506.358876191,182067.573128107,156358.133257526,160375.921410763,164496.950894068,168723.87460297,173059.413601966,177506.358876191,182067.573128107,79.53411,80.5,NA,"katete",0.797024036830652,0.779451671732831,0.81382291173956,0.971
"38","Luapula","kawambwa","Kawambwa","Kawambwa",137841,137841,141892,145985,150119,154294,158532,105520,108377,111288,44.6,15.4,"Luapula Province",3703,3840,3571,3370,3744,3534,0.99,0.99,0.99,0.98,0.99,0.99,1.02685994260775,114277.189292931,117346.668038714,120498.592807445,123735.178094567,127058.697876747,130471.487209531,133975.943867927,114277.189292931,117346.668038714,120498.592807445,123735.178094567,127058.697876747,130471.487209531,133975.943867927,77.04485,78.2,NA,"kawambwa",0.820209293447644,0.802430233583095,0.837221813206155,0.87
"39","Southern","kazungula","Kazungula","Kazungula",109365,109365,114480,119762,125202,130790,136547,142499,148648,154995,40.7,10.1,"Southern Province",6495,5998,4828,4546,4123,2817,0.99,0.99,0.99,0.99,0.97,0.66,1.04269818631936,161613.005388569,168513.587604282,175708.812165153,183211.259764934,191034.048270181,199190.855656563,207695.943924499,161613.005388569,168513.587604282,175708.812165153,183211.259764934,191034.048270181,199190.855656563,207695.943924499,64.11765,81,95.5,"kazungula",0.789478452397408,0.771226962325726,0.807507740959339,0.968
"40","Copperbelt","kitwe","Kitwe","Kitwe",566131,566131,585331,605172,625665,646827,668668,691193,714407,738320,36.6,11.8,"Copperbelt Province",18528,20161,20093,18132,18070,17489,0.89,0.97,0.96,0.87,0.87,0.84,1.03347251636672,763033.428283877,788574.077200465,814969.635905929,842248.720382171,870440.904460013,899576.751880814,929687.849431266,763033.428283877,788574.077200465,814969.635905929,842248.720382171,870440.904460013,899576.751880814,929687.849431266,78.92235,82.7,NA,"kitwe",0.844825040952906,0.827991502953327,0.860259134719668,0.989
"41","Muchinga","lavushi manda","Mpika","Lavushi Manda",14500.325,20714.75,29592.5,42275,44228,46195,50594,39153,40816,42527,45.8,13,"Muchinga Province",2062,1788,1558,1387,1520,1939,0.99,0.99,0.92,0.82,0.9,0.99,1.04191983535868,44309.7248382987,46167.1812083087,48102.5018435355,50118.9508011573,52219.9289670917,54408.9797918343,56689.7952667419,44309.7248382987,46167.1812083087,48102.5018435355,50118.9508011573,52219.9289670917,54408.9797918343,56689.7952667419,70.10676,86.1,NA,"lavushimanda",0.880541106889653,0.870852151117928,0.890023034832707,0.989
"42","Western","limulunga","Mongu","Limulunga",15440.831,22058.33,31511.9,45017,57311,61433,64449,53315,53834,54360,38.7,13.8,"Western Province",2567,2170,1993,2500,2121,1526,0.99,0.99,0.99,0.99,0.99,0.85,1.00977077683249,54891.1394286139,55427.4685020517,55969.0379271748,56515.8989062902,57068.1031419908,57625.7028420444,58188.7507243292,54891.1394286139,55427.4685020517,55969.0379271748,56515.8989062902,57068.1031419908,57625.7028420444,58188.7507243292,65.87838,83.4,NA,"limulunga",0.852314705120968,0.836378181936897,0.867813429088517,0.953
"43","Southern","livingstone","Livingstone","Livingstone",144377,144377,149230,154154,159136,164157,169237,174408,179665,185003,40.7,10.1,"Southern Province",4336,4184,4281,4511,4424,3919,0.76,0.73,0.75,0.79,0.77,0.68,1.02971085075001,190499.596521304,196159.501601485,201987.567276762,207988.789741479,214168.313631163,220531.436432839,227083.613026379,190499.596521304,196159.501601485,201987.567276762,207988.789741479,214168.313631163,220531.436432839,227083.613026379,64.11765,81,95.5,"livingstone",0.779706785306639,0.759687247267787,0.799535133525785,0.968
"44","Western","luampa","Kaoma","Luampa",11265.835,16094.05,22991.5,32845,47114,52086,53694,64622,65579,66556,38.7,13.8,"Western Province",2484,2015,1598,1567,1729,1734,0.99,0.99,0.99,0.99,0.99,0.99,1.01489806187957,67547.5554064563,68553.8830667151,69575.2030587275,70611.7387391797,71663.7167923397,72731.3672796316,73814.9236899489,67547.5554064563,68553.8830667151,69575.2030587275,70611.7387391797,71663.7167923397,72731.3672796316,73814.9236899489,65.87838,83.4,NA,"luampa",0.870984651490704,0.855695419160481,0.884739491659844,0.953
"45","Lusaka","luangwa","Luangwa","Luangwa",25828,25828,26361,26895,27425,27954,28477,28996,29506,30007,38.2,10.7,"Lusaka Province",1013,951,1045,965,935,995,0.92,0.87,0.95,0.88,0.85,0.91,1.01697959737003,30516.5067782824,31034.6647765173,31561.6208889363,32097.5245039759,32642.5275466279,33196.7845215097,33760.4525566644,30516.5067782824,31034.6647765173,31561.6208889363,32097.5245039759,32642.5275466279,33196.7845215097,33760.4525566644,62.9902,82.9,NA,"luangwa",0.879103137206027,0.866384460519103,0.891682140431314,0.961
"46","Central","luano","Mkushi","Luano",12118.876,17312.68,24732.4,35332,36575,37861,39141,35314,36650,38030,41.2,11.9,"Central Province",2392,1919,1757,1811,1638,2296,0.99,0.99,0.99,0.99,0.99,0.99,1.03765347885402,39461.9618008186,40947.841945024,42489.6706458189,44089.5545609957,45749.6796713415,47472.3142674248,49259.8120488449,39461.9618008186,40947.841945024,42489.6706458189,44089.5545609957,45749.6796713415,47472.3142674248,49259.8120488449,54.80984,84.7,NA,"luano",0.862742697288942,0.850647385152755,0.873744900072164,0.929
"47","Copperbelt","luanshya","Luanshya","Luanshya",167533,167533,168684,169842,171004,172170,173335,174497,175652,176798,36.6,11.8,"Copperbelt Province",5999,5785,6254,5897,5294,5646,0.86,0.83,0.89,0.84,0.76,0.81,1.00652426388541,177951.476806413,179112.479199896,180281.056279366,181457.257464073,182641.132495692,183832.731440423,185032.104691116,177951.476806413,179112.479199896,180281.056279366,181457.257464073,182641.132495692,183832.731440423,185032.104691116,78.92235,82.7,NA,"luanshya",0.849626745560339,0.832866230690404,0.865366996572198,0.989
"48","Copperbelt","lufwanyama","Lufwanyama","Lufwanyama",85268,85268,87282,89347,91460,93622,95834,98094,100401,102755,36.6,11.8,"Copperbelt Province",3981,4051,3725,3663,3645,3425,0.99,0.99,0.99,0.99,0.99,0.96,1.02344598161373,105164.191840719,107629.869549039,110153.357491574,112736.011086012,115379.217529139,118084.396541934,120853.001132124,105164.191840719,107629.869549039,110153.357491574,112736.011086012,115379.217529139,118084.396541934,120853.001132124,78.92235,82.7,NA,"lufwanyama",0.86720804166308,0.854078589907974,0.879619582082817,0.989
"49","Western","lukulu","Lukulu","Lukulu",88629,88629,90744,92877,95027,97192,99391,67946,69485,71062,38.7,13.8,"Western Province",3208,3182,2728,2520,1959,2424,0.99,0.99,0.99,0.99,0.99,0.99,1.02269554580125,72674.7908757286,74324.1849206451,76011.0128636523,77736.1242874989,79500.3880566776,81304.6927550353,83149.9471333139,72674.7908757286,74324.1849206451,76011.0128636523,77736.1242874989,79500.3880566776,81304.6927550353,83149.9471333139,65.87838,83.4,NA,"lukulu",0.853799381278536,0.838559019381202,0.868726646651533,0.953
"50","Eastern","lundazi","Lundazi","Lundazi",332506,332506,343568,354877,366432,378225,390314,136652,141003,145474,43.5,14.4,"Eastern Province",5399,5420,5381,5532,5453,5406,0.99,0.99,0.99,0.99,0.99,0.99,1.03170854520826,150086.768905626,154845.802002632,159755.737115741,164821.359128354,170047.604645562,175439.566805022,181002.500240376,150086.768905626,154845.802002632,159755.737115741,164821.359128354,170047.604645562,175439.566805022,181002.500240376,79.53411,80.5,NA,"lundazi",0.820657552808183,0.805443928528107,0.835196216698336,0.971
"51","Luapula","lunga","Samfya","Lunga",9143.351,13061.93,18659.9,26657,27469,28337,20490,31111,31712,32317,44.6,15.4,"Luapula Province",1105,780,952,976,849,403,0.99,0.73,0.89,0.92,0.8,0.38,1.01907795156408,32933.5421606963,33561.8466828715,34202.1379682883,34854.6446998352,35519.5999232017,36197.2411301119,36887.8103431454,32933.5421606963,33561.8466828715,34202.1379682883,34854.6446998352,35519.5999232017,36197.2411301119,36887.8103431454,77.04485,78.2,NA,"lunga",0.767302704692311,0.748137087750864,0.784049472473332,0.87
"52","Northern","lunte","Mporokoso","Lunte",1631.994,2331.42,3330.6,4758,4908,5060,10217,72674,74745,76859,44,12.2,"Northern Province",3480,3347,3191,3152,3057,2500,0.99,0.99,0.99,0.99,0.99,0.99,1.02828282828283,79032.7898989899,81268.0607244159,83566.551330763,85930.0497522391,88360.3945937166,90859.4764610136,93429.2394316281,79032.7898989899,81268.0607244159,83566.551330763,85930.0497522391,88360.3945937166,90859.4764610136,93429.2394316281,62.7907,87,NA,"lunte district",0.836037125052629,0.818349318973123,0.851772814985939,0.964
"53","Lusaka","lusaka","Lusaka","Lusaka",1886862,1886862,1969994,2055949,2144662,2236090,2330200,2426898,2526102,2627716,38.2,10.7,"Lusaka Province",79143,83406,83968,83466,64694,62071,0.99,0.99,0.99,0.99,0.84,0.8,1.04022561242578,2733417.48538103,2843370.87774583,2957747.2126568,3076724.40568658,3200487.52917068,3329229.10009266,3463149.37954963,2733417.48538103,2843370.87774583,2957747.2126568,3076724.40568658,3200487.52917068,3329229.10009266,3463149.37954963,62.9902,82.9,NA,"lusaka",0.838774116301564,0.823685814480501,0.852929452832806,0.961
"54","Northern","luwingu","Luwingu","Luwingu",127640,127640,133461,139450,145607,151932,15846,93714,97700,101833,44,12.2,"Northern Province",3307,3830,3620,3814,3004,3589,0.99,0.99,0.99,0.99,0.99,0.99,1.04230296827021,106140.838167861,110630.91067705,115310.926581126,120188.921049497,125273.269163085,130572.700293597,136096.313091073,106140.838167861,110630.91067705,115310.926581126,120188.921049497,125273.269163085,130572.700293597,136096.313091073,62.7907,87,NA,"luwingu",0.876747050527099,0.86487214959042,0.887407971923131,0.964
"55","Muchinga","mafinga","Isoka","Mafinga",24699.087,35284.41,50406.3,72009,92015,88399,93327,92464,96514,100700,45.8,13,"Muchinga Province",3439,3759,3737,3876,3322,3500,0.99,0.99,0.99,0.99,0.99,0.99,1.04337194603892,105067.554966119,109624.53929055,114379.168893201,119340.016034413,124516.024770141,129916.527077452,135551.259679419,105067.554966119,109624.53929055,114379.168893201,119340.016034413,124516.024770141,129916.527077452,135551.259679419,70.10676,86.1,NA,"mafinga",0.837143283219481,0.82375548421739,0.850031131721823,0.989
"56","Eastern","mambwe","Mambwe","Mambwe",71070,71070,73892,76800,79795,82877,86059,89361,92781,96322,43.5,14.4,"Eastern Province",3511,3508,3306,3497,3296,3020,0.99,0.99,0.99,0.99,0.99,0.99,1.03816514156993,99998.1427662991,103814.586041705,107776.684415011,111889.996833648,116160.294403064,120593.568483762,125196.039097368,99998.1427662991,103814.586041705,107776.684415011,111889.996833648,116160.294403064,120593.568483762,125196.039097368,79.53411,80.5,NA,"mambwe",0.823329984707184,0.805661286705742,0.840717953825243,0.971
"57","Luapula","mansa","Mansa","Mansa",233583,233583,239538,245510,251505,257517,263584,217030,222061,227157,44.6,15.4,"Luapula Province",15040,14722,13665,12900,10939,7950,0.99,0.99,0.99,0.99,0.87,0.63,1.02294864924503,232369.946316553,237702.522709657,243157.474527979,248737.610122228,254445.80229097,260284.989759615,266258.178693354,232369.946316553,237702.522709657,243157.474527979,248737.610122228,254445.80229097,260284.989759615,266258.178693354,77.04485,78.2,NA,"mansa",0.777509966083185,0.755822228890281,0.797026194453479,0.87
"58","North-Western","manyinga","Kabompo","Manyinga",7305.214,10436.02,14908.6,21298,32674,22286,34544,59102,60610,62128,42,10.2,"North Western Province",1631,1674,1693,1709,1626,1660,0.99,0.99,0.99,0.99,0.99,0.99,1.02504537205082,63684.0188747731,65279.0088211831,66913.9458842182,68589.8305542766,70307.688379411,72068.5705929062,73873.5547565761,63684.0188747731,65279.0088211831,66913.9458842182,68589.8305542766,70307.688379411,72068.5705929062,73873.5547565761,67.46575,83.2,NA,"manyinga",0.835004431548418,0.819374883938187,0.849916274229503,0.856
"59","Copperbelt","masaiti","Masaiti","Masaiti",111738,111738,112849,113970,115102,116244,117393,118548,119706,120864,36.6,11.8,"Copperbelt Province",4224,4789,4875,4651,4326,4269,0.75,0.85,0.87,0.83,0.77,0.76,1.00967370056639,122033.202145256,123213.714801967,124405.647384633,125609.1103662,126824.215288293,128051.074771559,129289.802526103,122033.202145256,123213.714801967,124405.647384633,125609.1103662,126824.215288293,128051.074771559,129289.802526103,78.92235,82.7,NA,"masaiti",0.865481512981578,0.852158657451397,0.877536869533552,0.989
"60","Southern","mazabuka","Mazabuka","Mazabuka",236103,236103,239813,243426,246921,250275,253518,187256,189521,191726,40.7,10.1,"Southern Province",6836,7420,7303,7173,6893,5615,0.9,0.97,0.96,0.94,0.91,0.74,1.01163459458319,193956.654281056,196213.261320327,198496.123067634,200805.54498586,203141.836091826,205505.308997639,207896.279952518,193956.654281056,196213.261320327,198496.123067634,200805.54498586,203141.836091826,205505.308997639,207896.279952518,64.11765,81,95.5,"mazabuka",0.881563974727491,0.870143313525253,0.892320535443965,0.968
"61","Northern","mbala","Mbala","Mbala",210465,210465,217404,224422,231509,238660,245928,135933,140018,144197,44,12.2,"Northern Province",6102,6341,6623,6281,6018,4223,0.99,0.99,0.99,0.99,0.99,0.67,1.02984616263623,148500.727113657,152932.90396669,157497.364290911,162198.056240315,167039.045806145,172024.520333876,177158.792145181,148500.727113657,152932.90396669,157497.364290911,162198.056240315,167039.045806145,172024.520333876,177158.792145181,62.7907,87,NA,"mbala",0.842496240583872,0.828274729624418,0.85567173987413,0.964
"62","Luapula","milenge","Milenge","Milenge",45010,45010,47173,49412,51730,54127,56618,59210,61909,64713,44.6,15.4,"Luapula Province",7320,6393,6597,6842,5976,1573,0.99,0.99,0.99,0.99,0.97,0.25,1.04529228383595,67643.999563876,70707.7507919222,73910.2663101917,77257.8310703038,80757.0146836901,84414.684314488,88238.0181563821,67643.999563876,70707.7507919222,73910.2663101917,77257.8310703038,80757.0146836901,84414.684314488,88238.0181563821,77.04485,78.2,NA,"milengi",0.70309686898292,0.677668338479273,0.728661268142088,0.87
"63","Western","mitete","Lukulu","Mitete",10940.328,15629.04,22327.2,31896,35094,34894,30936,33692,34454,35237,38.7,13.8,"Western Province",1929,1865,1576,1596,1498,543,0.99,0.99,0.99,0.99,0.99,0.43,1.02272595344517,36037.7944215476,36856.7876598384,37694.3933003345,38551.034327622,39427.1433390148,40323.1627630134,41239.5450827278,36037.7944215476,36856.7876598384,37694.3933003345,38551.034327622,39427.1433390148,40323.1627630134,41239.5450827278,65.87838,83.4,NA,"mitete",0.853799381278536,0.838559019381202,0.868726646651533,0.953
"64","Central","mkushi","Mkushi","Mkushi",161484,161484,167828,174371,181121,188071,195247,167354,173686,180223,41.2,11.9,"Central Province",5651,6871,6740,6627,6062,6559,0.99,0.99,0.99,0.99,0.99,0.99,1.03763688495331,187006.03231694,194044.356840827,201347.581975083,208925.677753506,216788.989450906,224948.251706014,233414.60317592,187006.03231694,194044.356840827,201347.581975083,208925.677753506,216788.989450906,224948.251706014,233414.60317592,54.80984,84.7,NA,"mkushi",0.862742697288942,0.850647385152755,0.873744900072164,0.929
"65","Western","mongu","Mongu","Mongu",183414,183414,185427,187391,189312,191186,193043,141601,142977,144377,38.7,13.8,"Western Province",4077,4035,3049,2935,3058,5790,0.99,0.99,0.99,0.99,0.99,0.99,1.00979178469264,145790.70849857,147218.259726376,148659.789228442,150115.43387702,151585.331884587,153069.622816964,154568.447606571,145790.70849857,147218.259726376,148659.789228442,150115.43387702,151585.331884587,153069.622816964,154568.447606571,65.87838,83.4,NA,"mongu",0.852314705120968,0.836378181936897,0.867813429088517,0.953
"66","Southern","monze","Monze","Monze",196572,196572,200308,203991,207600,211112,214557,217971,221347,224680,40.7,10.1,"Southern Province",9272,9474,7935,9115,7708,7459,0.99,0.99,0.97,0.99,0.94,0.91,1.01505780516564,228063.187664617,231497.318709927,234983.16023143,238521.490875403,242113.101012823,245758.792915925,249459.380937397,228063.187664617,231497.318709927,234983.16023143,238521.490875403,242113.101012823,245758.792915925,249459.380937397,64.11765,81,95.5,"monze",0.793883305183962,0.77529158356923,0.810992892627732,0.968
"67","Muchinga","mpika","Mpika","Mpika",214462,214462,225120,235909,246807,257786,268979,155842,162458,169269,45.8,13,"Muchinga Province",4067,3842,3447,4107,3447,3489,0.99,0.99,0.99,0.99,0.99,0.99,1.04192468207167,176365.54900959,183759.618580213,191463.682166801,199490.736169916,207854.321860084,216568.548221291,225648.115752193,176365.54900959,183759.618580213,191463.682166801,199490.736169916,207854.321860084,216568.548221291,225648.115752193,70.10676,86.1,NA,"mpika",0.880541106889653,0.870852151117928,0.890023034832707,0.989
"68","Copperbelt","mpongwe","Mpongwe","Mpongwe",102543,102543,106599,110816,115199,119752,124482,129391,134483,139764,36.6,11.8,"Copperbelt Province",6581,6281,4520,5018,4755,4042,0.99,0.99,0.99,0.99,0.99,0.94,1.03926890387633,145252.379081371,150956.280793325,156884.168473326,163044.837804822,169447.429868111,176101.444703692,183016.755408244,145252.379081371,150956.280793325,156884.168473326,163044.837804822,169447.429868111,176101.444703692,183016.755408244,78.92235,82.7,NA,"mpongwe",0.862207247339935,0.848207450811302,0.875050456281131,0.989
"69","Northern","mporokoso","Mporokoso","Mporokoso",102301,102301,105514,108754,112017,115301,118633,49361,50767,52203,44,12.2,"Northern Province",2771,2236,2036,1881,1642,2006,0.99,0.99,0.99,0.99,0.99,0.99,1.02828609135856,53679.6188271909,55198.0054294295,56759.3412538166,58364.8411659737,60015.7543953222,61713.3655071012,63458.9954018793,53679.6188271909,55198.0054294295,56759.3412538166,58364.8411659737,60015.7543953222,61713.3655071012,63458.9954018793,62.7907,87,NA,"mporokoso",0.836037125052629,0.818349318973123,0.851772814985939,0.964
"70","Northern","mpulungu","Mpulungu","Mpulungu",102094,102094,106163,110319,114561,118886,123321,127897,132615,137480,44,12.2,"Northern Province",3061,3066,2607,2686,2659,3313,0.58,0.6,0.99,0.99,0.99,0.99,1.03668514119821,142523.473211929,147751.966950768,153172.268720669,158791.415026336,164616.70050764,170655.687409346,176916.215398234,142523.473211929,147751.966950768,153172.268720669,158791.415026336,164616.70050764,170655.687409346,176916.215398234,62.7907,87,NA,"mpulungu",0.863970075409831,0.849332746679185,0.877361432920527,0.964
"71","Copperbelt","mufulira","Mufulira","Mufulira",175753,175753,178221,180728,183268,185841,188444,191074,193727,196401,36.6,11.8,"Copperbelt Province",4694,5773,6026,5641,4417,4158,0.63,0.78,0.81,0.76,0.6,0.56,1.01380292886381,199111.909031782,201860.236548086,204646.499033591,207471.220101981,210334.930594337,213238.168678906,216181.47995223,199111.909031782,201860.236548086,204646.499033591,207471.220101981,210334.930594337,213238.168678906,216181.47995223,78.92235,82.7,NA,"mufulira",0.845350093544195,0.827992016241729,0.862032745897649,0.989
"72","North-Western","mufumbwe","Mufumbwe","Mufumbwe",59787,59787,61661,63545,65436,67333,69240,71170,73119,75086,42,10.2,"North Western Province",1311,1441,1774,1909,1809,2426,0.99,0.99,0.99,0.99,0.99,0.99,1.02690135258961,77105.9149605438,79180.1683656422,81310.2219929513,83497.5769439235,85743.7747016705,88050.3982172845,90419.0730253836,77105.9149605438,79180.1683656422,81310.2219929513,83497.5769439235,85743.7747016705,88050.3982172845,90419.0730253836,67.46575,83.2,NA,"mufumbwe",0.85303596118538,0.839371422137867,0.866424854395206,0.856
"73","Western","mulobezi","Sesheke","Mulobezi",9194.115,13134.45,18763.5,26805,30317,37122,42572,32468,33239,34031,38.7,13.8,"Western Province",2061,1765,1795,1061,909,1288,0.99,0.99,0.99,0.99,0.85,0.99,1.02382743163152,34841.8713258522,35672.063632783,36522.0372901483,37392.263636723,38283.2252420747,39195.4161741642,40129.342273323,34841.8713258522,35672.063632783,36522.0372901483,37392.263636723,38283.2252420747,39195.4161741642,40129.342273323,65.87838,83.4,NA,"mulobezi",0.870187049924049,0.856480389605742,0.882988663680079,0.953
"74","Central","mumbwa","Mumbwa","Mumbwa",236161,236161,245176,254465,264028,273869,284012,226137,234438,242994,41.2,11.9,"Central Province",9296,10186,9967,9349,9127,8500,0.77,0.84,0.83,0.77,0.76,0.7,1.03649578993167,251862.257978655,261054.17003756,270581.548188036,280456.635530091,290692.12198534,301301.160604107,312297.384467682,251862.257978655,261054.17003756,270581.548188036,280456.635530091,290692.12198534,301301.160604107,312297.384467682,54.80984,84.7,NA,"mumbwa",0.864119953037804,0.851799324952581,0.874862077581295,0.929
"75","Northern","mungwi","Mungwi","Mungwi",156343,156343,161252,166202,171189,176207,181297,186497,191809,197231,44,12.2,"Northern Province",5365,4758,4026,3831,3271,7147,0.99,0.99,0.99,0.99,0.99,0.99,1.02826770380952,202806.267490055,208539.134990178,214434.057490774,220495.615914596,226728.520676568,233137.615344223,239727.880401631,202806.267490055,208539.134990178,214434.057490774,220495.615914596,226728.520676568,233137.615344223,239727.880401631,62.7907,87,NA,"mungwi",0.862823836690048,0.849512963472044,0.875139435215194,0.964
"76","Western","mwandi","Sesheke","Mwandi",4900.098,7000.14,10000.2,14286,26628,27305,27342,33757,34559,35382,38.7,13.8,"Western Province",1002,1014,931,920,883,753,0.99,0.99,0.99,0.99,0.99,0.99,1.02381434647993,36224.599207153,37087.2643637688,37970.4733273205,38874.7153351444,39800.4912754443,40748.3139647492,41718.7084319789,36224.599207153,37087.2643637688,37970.4733273205,38874.7153351444,39800.4912754443,40748.3139647492,41718.7084319789,65.87838,83.4,NA,"mwandi",0.870187049924049,0.856480389605742,0.882988663680079,0.953
"77","Luapula","mwansabombwe","Kawambwa","Mwansabombwe",16162.503,23089.29,32984.7,47121,48325,42002,50708,57337,58889,60472,44.6,15.4,"Luapula Province",2221,1833,2930,1783,2044,2321,0.99,0.97,0.99,0.95,0.99,0.99,1.02688108135645,62097.5527517873,63766.8021193445,65480.9227149553,67241.1207257514,69048.6347624792,70904.7367310812,72810.7327277071,62097.5527517873,63766.8021193445,65480.9227149553,67241.1207257514,69048.6347624792,70904.7367310812,72810.7327277071,77.04485,78.2,NA,"mwansabombwe",0.820209293447644,0.802430233583095,0.837221813206155,0.87
"78","Luapula","mwense","Mwense","Mwense",121623,121623,123367,125067,126723,128335,129922,96421,97572,98714,44.6,15.4,"Luapula Province",3596,4043,6235,3310,2711,3537,0.99,0.99,0.99,0.99,0.83,0.99,1.01170417742795,99869.3661706227,101038.254951901,102220.824614868,103417.235282992,104627.648953852,105852.229521078,107091.142796536,99869.3661706227,101038.254951901,102220.824614868,103417.235282992,104627.648953852,105852.229521078,107091.142796536,77.04485,78.2,NA,"mwense",0.820222591585644,0.802043960568098,0.837097912234492,0.87
"79","North-Western","mwinilunga","Mwinilunga","Mwinilunga",141400,141400,146221,151377,156879,162716,168923,134123,139472,145128,42,10.2,"North Western Province",5752,5187,5901,5455,5775,5160,0.99,0.99,0.99,0.99,0.99,0.99,1.0405529425261,151013.367442928,157137.403853513,163509.787960685,170140.590994309,177040.292602258,184219.797412961,191690.452269618,151013.367442928,157137.403853513,163509.787960685,170140.590994309,177040.292602258,184219.797412961,191690.452269618,67.46575,83.2,NA,"mwinilunga",0.856691274938313,0.840794063423431,0.871887234594175,0.856
"80","Muchinga","nakonde","Nakonde","Nakonde",127428,127428,135547,143934,152579,161472,170700,180369,190481,201047,45.8,13,"Muchinga Province",6083,5279,5430,5511,5085,5333,0.99,0.92,0.94,0.96,0.88,0.93,1.05547009937999,212199.097070049,223969.802072869,236393.429251968,249506.196265351,263346.329768114,277954.176851707,293372.322664754,212199.097070049,223969.802072869,236393.429251968,249506.196265351,263346.329768114,277954.176851707,293372.322664754,70.10676,86.1,NA,"nakonde",0.752408931179143,0.734336798050031,0.769684241092312,0.989
"81","Western","nalolo","Senanga","Nalolo",13248.718,18926.74,27038.2,38626,39532,27145,55394,61415,62298,63195,38.7,13.8,"Western Province",1905,1785,1484,1577,1536,1998,0.99,0.99,0.99,0.99,0.99,0.99,1.01439853606857,64104.9154868535,65027.9324246638,65964.2394551451,66914.0279361761,67877.4919809086,68854.8284974401,69846.2372290559,64104.9154868535,65027.9324246638,65964.2394551451,66914.0279361761,67877.4919809086,68854.8284974401,69846.2372290559,65.87838,83.4,NA,"nalolo",0.866106512185595,0.851294369611763,0.879751825677642,0.953
"82","Southern","namwala","Namwala","Namwala",105818,105818,108459,111100,113730,116337,118933,121541,124155,126775,40.7,10.1,"Southern Province",5612,5380,4624,5013,4851,4464,0.56,0.54,0.46,0.5,0.48,0.45,1.02110265394064,129450.288953324,132182.033603622,134971.425315929,137819.680596246,140728.041622078,143697.776784173,146730.181239688,129450.288953324,132182.033603622,134971.425315929,137819.680596246,140728.041622078,143697.776784173,146730.181239688,64.11765,81,95.5,"namwala",0.803903079852932,0.786517617427749,0.820512680768139,0.968
"83","Luapula","nchelenge","Nchelenge","Nchelenge",157226,157226,162618,168100,173680,179352,185146,191092,197189,203432,44.6,15.4,"Luapula Province",3237,3858,2682,2859,2585,7395,0.99,0.99,0.91,0.97,0.88,0.99,1.03165998103342,209872.653261592,216517.217483288,223372.148482219,230444.106466561,237739.962506557,245266.805210402,253031.947611492,209872.653261592,216517.217483288,223372.148482219,230444.106466561,237739.962506557,245266.805210402,253031.947611492,77.04485,78.2,NA,"nchelenge",0.807198510633551,0.791698082282596,0.822112614842443,0.87
"84","Copperbelt","ndola","Ndola","Ndola",489009,498977,509154,519538,530129,540923,551910,551910,563082,574437,36.6,11.8,"Copperbelt Province",17672,16306,16252,17222,16300,15978,0.85,0.79,0.78,0.83,0.78,0.77,1.02016580178375,586020.982679255,597838.565657086,609894.45967081,622193.470453542,634740.500649854,647540.55177008,660598.726184019,586020.982679255,597838.565657086,609894.45967081,622193.470453542,634740.500649854,647540.55177008,660598.726184019,78.92235,82.7,NA,"ndola",0.840163896726082,0.823269882441193,0.85567271599045,0.989
"85","Central","ngabwe","Kapiri Mposhi","Ngabwe",6606.18,9437.4,13482,19260,19812,20372,20944,58221,59841,61495,41.2,11.9,"Central Province",1056,815,1025,949,1224,1070,0.99,0.99,0.99,0.99,0.99,0.99,1.02763991243462,63194.7164151669,64941.4128432126,66736.3878075794,68580.9757227837,70476.5478864421,72424.5134987176,74426.320709942,63194.7164151669,64941.4128432126,66736.3878075794,68580.9757227837,70476.5478864421,72424.5134987176,74426.320709942,54.80984,84.7,NA,"ngabwe",0.88574942746335,0.874419065199988,0.896218121905192,0.929
"86","Western","nkeyema","Kaoma","Nkeyema",9242.821,13204.03,18862.9,26947,46378,45283,44761,45333,46005,46690,38.7,13.8,"Western Province",1629,1265,1277,1550,1463,1447,0.99,0.99,0.99,0.99,0.99,0.99,1.01488968590371,47385.199434844,48090.7501709134,48806.8063358319,49533.5243521354,50271.0629714423,51019.5833091325,51779.2488795435,47385.199434844,48090.7501709134,48806.8063358319,49533.5243521354,50271.0629714423,51019.5833091325,51779.2488795435,65.87838,83.4,NA,"nkeyema",0.870984651490704,0.855695419160481,0.884739491659844,0.953
"87","Northern","nsama","Kaputa","Nsama",4895.639,6993.77,9991.1,14273,14724,27701,15641,58752,60576,62445,44,12.2,"Northern Province",2167,1795,1620,1820,1554,1495,0.99,0.99,0.99,0.99,0.99,0.99,1.03085380348653,64371.6657587163,66357.7764841363,68405.1662795809,70515.7258374345,72691.4041851326,74934.2104850206,77246.2158897436,64371.6657587163,66357.7764841363,68405.1662795809,70515.7258374345,72691.4041851326,74934.2104850206,77246.2158897436,62.7907,87,NA,"nsama",0.87493938084372,0.863574092530646,0.885449201754779,0.964
"88","Eastern","nyimba","Nyimba","Nyimba",86530,86530,88305,90085,91872,93659,95464,97296,99159,101046,43.5,14.4,"Eastern Province",4625,4584,4386,4373,4366,4317,0.99,0.99,0.99,0.99,0.99,0.99,1.01903004265876,102968.909690497,104928.412434433,106925.204599177,108959.995803996,111033.509172244,113146.481588344,115299.663959658,102968.909690497,104928.412434433,106925.204599177,108959.995803996,111033.509172244,113146.481588344,115299.663959658,79.53411,80.5,NA,"nyimba",0.830000511010754,0.814895870695185,0.844451170183394,0.971
"89","Southern","pemba","Choma","Pemba",22972.768,32818.24,46883.2,66976,70802,72082,73186,44481,45311,46138,40.7,10.1,"Southern Province",3663,3586,3188,3227,2986,2687,0.99,0.99,0.99,0.99,0.99,1,1.01825163867494,46980.0941051842,47837.5578077065,48710.671627904,49599.72120607,50504.9973959007,51426.7963596492,52365.419665015,46980.0941051842,47837.5578077065,48710.671627904,49599.72120607,50504.9973959007,51426.7963596492,52365.419665015,64.11765,81,95.5,"pemba",0.809327653400026,0.79134624721807,0.825635008197169,0.968
"90","Eastern","petauke","Petauke","Petauke",315073,315073,324060,333193,342466,351876,361467,371311,381395,391708,43.5,14.4,"Eastern Province",9226,9102,8604,8320,8226,8390,0.99,0.99,0.99,0.99,0.99,0.99,1.02704020765873,402299.865661584,413178.137570152,424350.560210094,435825.087478272,447609.888346567,459713.352677558,472144.097197449,402299.865661584,413178.137570152,424350.560210094,435825.087478272,447609.888346567,459713.352677558,472144.097197449,79.53411,80.5,NA,"petauke",0.8292718466171,0.811423431604434,0.846544209064598,0.971
"91","Lusaka","rufunsa","Chongwe","Rufunsa",20176.632,28823.76,41176.8,58824,60507,63089,63921,52133,53508,54886,38.2,10.7,"Lusaka Province",2986,3336,2847,2976,2624,2010,0.99,0.99,0.99,0.99,0.99,0.85,1.02575315840622,56299.4878522838,57749.3774811327,59236.6063472648,60762.1360539728,62326.9529688711,63932.0688616554,65578.5215582869,56299.4878522838,57749.3774811327,59236.6063472648,60762.1360539728,62326.9529688711,63932.0688616554,65578.5215582869,62.9902,82.9,NA,"rufunsa",0.862738387028941,0.850685467727147,0.873686939686355,0.961
"92","Luapula","samfya","Samfya","Samfya",202892,202892,207281,211649,215999,220327,22466,101050,103000,104964,44.6,15.4,"Luapula Province",3867,3639,3675,3127,4637,5058,0.99,0.99,0.99,0.99,0.99,0.99,1.01906796116505,106965.449475728,109005.062512333,111083.566811112,113201.703949142,115360.229643861,117559.914022701,119801.541897853,106965.449475728,109005.062512333,111083.566811112,113201.703949142,115360.229643861,117559.914022701,119801.541897853,77.04485,78.2,NA,"samfya",0.767302704692311,0.748137087750864,0.784049472473332,0.87
"93","Western","senanga","Senanga","Senanga",129616,129616,131632,133632,135615,137582,139555,80139,81290,82462,38.7,13.8,"Western Province",3474,3120,3120,3045,2559,3222,0.99,0.99,0.99,0.99,0.99,0.99,1.01441751752983,83650.897330545,84856.9356091942,86080.3619658676,87321.4270934847,88580.385299335,89857.4945571874,91153.0165601523,83650.897330545,84856.9356091942,86080.3619658676,87321.4270934847,88580.385299335,89857.4945571874,91153.0165601523,65.87838,83.4,NA,"senanga",0.866106512185595,0.851294369611763,0.879751825677642,0.953
"94","Central","serenje","Serenje","Serenje",172569,172569,176934,181359,185848,190392,195007,107841,110424,113050,41.2,11.9,"Central Province",5166,5821,4664,5624,4492,5295,0.57,0.64,0.51,0.62,0.49,0.58,1.02378106208795,115738.449069043,118490.832312317,121308.670152389,124193.51916909,127146.972959372,130170.663017614,133266.259636865,115738.449069043,118490.832312317,121308.670152389,124193.51916909,127146.972959372,130170.663017614,133266.259636865,54.80984,84.7,NA,"serenje",0.883388848065788,0.8717535090329,0.894698271161833,0.929
"95","Western","sesheke","Sesheke","Sesheke",102506,102506,105070,107656,110268,112903,115583,52100,53337,54607,38.7,13.8,"Western Province",3246,3302,3204,3413,3222,1509,0.99,0.99,0.99,0.99,0.99,0.59,1.02381086300317,55907.239796014,57238.4394236822,58601.3360633147,59996.6844481209,61425.2572821594,62887.8456682393,64385.2595460102,55907.239796014,57238.4394236822,58601.3360633147,59996.6844481209,61425.2572821594,62887.8456682393,64385.2595460102,65.87838,83.4,NA,"sesheke",0.870187049924049,0.856480389605742,0.882988663680079,0.953
"96","Western","shang'ombo","Shangombo","Shang'ombo",96539,96539,99402,102313,105271,108278,111350,44428,45689,46987,38.7,13.8,"Western Province",1291,1592,1430,1401,1313,1103,0.81,1,0.9,0.88,0.83,0.7,1.02840946398477,48321.8754842522,49694.6740654985,51106.473118597,52558.3806260482,54051.5360475415,55587.1112142055,57166.3112482627,48321.8754842522,49694.6740654985,51106.473118597,52558.3806260482,54051.5360475415,55587.1112142055,57166.3112482627,65.87838,83.4,NA,"shang'ombo",0.820249756248079,0.802767059860212,0.836385126737453,0.953
"97","Central","shibuyunji","Mumbwa","Shibuyunji",25200.553,36000.79,51429.7,73471,73678,76934,65909,68348,70857,73443,41.2,11.9,"Central Province",3385,3333,2782,2990,2968,2681,0.99,0.99,0.95,0.99,0.99,0.91,1.03649604132266,76123.3787628604,78901.5807398106,81781.1760909142,84765.8652729443,87859.483794697,91066.0071458562,94389.5559057414,76123.3787628604,78901.5807398106,81781.1760909142,84765.8652729443,87859.483794697,91066.0071458562,94389.5559057414,54.80984,84.7,NA,"shibuyunji",0.864119953037804,0.851799324952581,0.874862077581295,0.929
"98","Muchinga","shiwang'andu","Chinsali","Shiwang'Andu",23474.92,33535.6,47908,68440,69399,77576,78660,67247,68646,70032,45.8,13,"Muchinga Province",2901,2994,3147,3071,2911,2600,0.99,0.99,0.99,0.99,0.99,0.95,1.02019054278472,71445.9840922996,72888.5172909117,74360.1760177888,75861.5483331554,77393.2341704912,78955.8455762585,80550.0069544698,71445.9840922996,72888.5172909117,74360.1760177888,75861.5483331554,77393.2341704912,78955.8455762585,80550.0069544698,70.10676,86.1,NA,"shiwamg'andu",0.861022247749361,0.849425703264145,0.872273085587283,0.989
"99","Southern","siavonga","Siavonga","Siavonga",17757.453,25367.79,36239.7,51771,54235,56528,59008,65230,68040,70939,40.7,10.1,"Southern Province",2553,2045,1879,1869,1907,1912,0.99,0.99,0.91,0.9,0.92,0.92,1.04260728982951,73961.5185332158,77112.8183895913,80398.3865922871,83823.9439516499,87395.4550262506,91119.1385083361,95001.4780517763,73961.5185332158,77112.8183895913,80398.3865922871,83823.9439516499,87395.4550262506,91119.1385083361,95001.4780517763,64.11765,81,95.5,"siavonga",0.87076208372863,0.857422225091671,0.883211690859676,0.968
"100","Western","sikongo","Kalabo","Sikongo",16630.012,23757.16,33938.8,48484,62789,66389,70972,52531,53111,53701,38.7,13.8,"Western Province",2334,2485,2161,2705,2525,1218,0.99,0.99,0.99,0.99,0.99,0.63,1.01110880985107,54297.5541978121,54900.7354027736,55510.6172330467,56127.274124604,56750.7813403129,57381.2149791219,58018.6519853481,54297.5541978121,54900.7354027736,55510.6172330467,56127.274124604,56750.7813403129,57381.2149791219,58018.6519853481,65.87838,83.4,NA,"sikongo",0.824454761676729,0.806669005317732,0.841343089089915,0.953
"101","Southern","sinazongwe","Sinazongwe","Sinazongwe",37642.535,53775.05,76821.5,109745,113043,115823,118604,121405,124222,127053,40.7,10.1,"Southern Province",5763,6141,4222,5041,3993,4395,0.99,0.99,0.96,0.99,0.91,1,1.02278984398899,129948.518048333,132910.024501254,135939.023224211,139037.052355506,142205.685087376,145446.530464865,148761.234202899,129948.518048333,132910.024501254,135939.023224211,139037.052355506,142205.685087376,145446.530464865,148761.234202899,64.11765,81,95.5,"sinazongwe",0.837678478606293,0.822646089860619,0.851969798228203,0.968
"102","Eastern","sinda","Katete","Sinda",52844.295,75491.85,107845.5,154065,158263,162519,166853,146651,150437,154303,43.5,14.4,"Eastern Province",7127,6449,6513,6478,5494,6587,0.99,0.99,0.99,0.99,0.89,0.99,1.02569846513823,158268.350266224,162335.603948026,166507.379806778,170786.363902001,175175.311320822,179677.047951878,184294.47230481,158268.350266224,162335.603948026,166507.379806778,170786.363902001,175175.311320822,179677.047951878,184294.47230481,79.53411,80.5,NA,"sinda",0.797024036830652,0.779451671732831,0.81382291173956,0.971
"103","Western","sioma","Shangombo","Sioma",13921.341,19887.63,28410.9,40587,51698,54415,57496,70078,72065,74113,38.7,13.8,"Western Province",2623,2669,2058,1690,1804,1421,0.99,0.99,0.99,0.99,0.99,0.88,1.02841878859363,76219.2016790397,78385.2590583317,80612.8731643674,82903.7933647507,85259.8187419936,87682.7995063536,90174.6384488224,76219.2016790397,78385.2590583317,80612.8731643674,82903.7933647507,85259.8187419936,87682.7995063536,90174.6384488224,65.87838,83.4,NA,"sioma",0.820249756248079,0.802767059860212,0.836385126737453,0.953
"104","North-Western","solwezi","Solwezi","Solwezi",261022,261022,267731,274398,281024,287583,29411,196668,200950,205230,42,10.2,"North Western Province",5557,5121,4995,4867,5068,6332,0.99,0.99,0.99,0.99,0.99,0.99,1.02129883055486,209601.158994775,214065.418564308,218624.761641965,223281.213395275,228036.842125465,232893.760186162,237854.124921652,209601.158994775,214065.418564308,218624.761641965,223281.213395275,228036.842125465,232893.760186162,237854.124921652,67.46575,83.2,NA,"solwezi",0.867507007658138,0.855178392427521,0.878983472836393,0.856
"105","Eastern","vubwi","Chadiza","Vubwi",9111.452,13016.36,18594.8,26564,27246,28628,29346,39888,40885,41902,43.5,14.4,"Eastern Province",1699,1691,1637,1401,1122,1489,0.99,0.99,0.99,0.99,0.99,0.99,1.02487464840406,42944.2975174269,44012.5218191323,45107.3178247592,46229.3464961003,47379.2852361402,48557.8282980249,49765.687204203,42944.2975174269,44012.5218191323,45107.3178247592,46229.3464961003,47379.2852361402,48557.8282980249,49765.687204203,79.53411,80.5,NA,"vubwi",0.820735900147867,0.80354661751906,0.83677591704059,0.971
"106","North-Western","zambezi","Zambezi","Zambezi",82306,82306,84334,86346,88338,90308,9226,94220,96171,98119,42,10.2,"North Western Province",3183,3138,4771,2535,2866,2698,0.99,0.99,0.99,0.99,0.99,0.99,1.02025558640339,100106.457882314,102134.172889486,104202.960453187,106313.652522135,108467.097896657,110664.162570027,112905.730076723,100106.457882314,102134.172889486,104202.960453187,106313.652522135,108467.097896657,110664.162570027,112905.730076723,67.46575,83.2,NA,"zambezi",0.864286774528082,0.849830388273507,0.877361269282026,0.856
"107","Southern","zimba","Kalomo","Zimba",22245.265,31778.95,45398.5,64855,70816,73913,77098,119719,124769,129972,40.7,10.1,"Southern Province",4225,2627,3333,3612,2276,2396,0.99,0.99,0.99,0.99,0.88,0.92,1.04170106356547,135391.970633731,141037.959807382,146919.392734454,153046.087669874,159428.272300241,166076.600817567,173002.171704997,135391.970633731,141037.959807382,146919.392734454,153046.087669874,159428.272300241,166076.600817567,173002.171704997,64.11765,81,95.5,"zimba",0.815317616751687,0.799217911633724,0.830220920808904,0.968
